﻿<?xml version="1.0" encoding="utf-8"?>
<Package xmlns="http://schemas.microsoft.com/appx/manifest/foundation/windows10" xmlns:mp="http://schemas.microsoft.com/appx/2014/phone/manifest" xmlns:uap="http://schemas.microsoft.com/appx/manifest/uap/windows10" IgnorableNamespaces="uap mp build" xmlns:build="http://schemas.microsoft.com/developer/appx/2015/build">
  <!--
    THIS PACKAGE MANIFEST FILE IS GENERATED BY THE BUILD PROCESS.

    Changes to this file will be lost when it is regenerated. To correct errors in this file, edit the source .appxmanifest file.

    For more information on package manifest files, see http://go.microsoft.com/fwlink/?LinkID=241727
  -->
  <Identity Name="244891f1-8d7d-4f90-8a31-6b968672039b" Publisher="CN=ramanans" Version="1.0.0.0" ProcessorArchitecture="x86" />
  <mp:PhoneIdentity PhoneProductId="244891f1-8d7d-4f90-8a31-6b968672039b" PhonePublisherId="00000000-0000-0000-0000-000000000000" />
  <Properties>
    <DisplayName>SimpleAppUWP</DisplayName>
    <PublisherDisplayName>ramanans</PublisherDisplayName>
    <Logo>Assets\StoreLogo.png</Logo>
  </Properties>
  <Dependencies>
    <TargetDeviceFamily Name="Windows.Universal" MinVersion="10.0.15063.0" MaxVersionTested="10.0.15063.0" />
    <PackageDependency Name="Microsoft.NET.Native.Framework.1.7" MinVersion="1.7.25531.0" Publisher="CN=Microsoft Corporation, O=Microsoft Corporation, L=Redmond, S=Washington, C=US" />
    <PackageDependency Name="Microsoft.NET.Native.Runtime.1.7" MinVersion="1.7.25531.0" Publisher="CN=Microsoft Corporation, O=Microsoft Corporation, L=Redmond, S=Washington, C=US" />
    <PackageDependency Name="Microsoft.VCLibs.140.00" MinVersion="14.0.22929.0" Publisher="CN=Microsoft Corporation, O=Microsoft Corporation, L=Redmond, S=Washington, C=US" />
  </Dependencies>
  <Resources>
    <Resource Language="EN-US" />
  </Resources>
  <Applications>
    <Application Id="App" Executable="SimpleAppUWP.exe" EntryPoint="SimpleAppUWP.App">
      <uap:VisualElements DisplayName="SimpleAppUWP" Square150x150Logo="Assets\Square150x150Logo.png" Square44x44Logo="Assets\Square44x44Logo.png" Description="SimpleAppUWP" BackgroundColor="transparent">
        <uap:DefaultTile Wide310x150Logo="Assets\Wide310x150Logo.png" />
        <uap:SplashScreen Image="Assets\SplashScreen.png" />
      </uap:VisualElements>
    </Application>
  </Applications>
  <Capabilities>
    <Capability Name="internetClient" />
  </Capabilities>
  <build:Metadata>
    <build:Item Name="TargetFrameworkMoniker" Value=".NETCore,Version=v5.0" />
    <build:Item Name="VisualStudio" Version="15.0" />
    <build:Item Name="VisualStudioEdition" Value="Microsoft Visual Studio Community 2017" />
    <build:Item Name="OperatingSystem" Version="10.0.15063.0 (WinBuild.160101.0800)" />
    <build:Item Name="Microsoft.Build.AppxPackage.dll" Version="15.0.26906.1" />
    <build:Item Name="ProjectGUID" Value="{ADF7477D-1396-48A3-A527-9C83E8796F16}" />
    <build:Item Name="ilc.exe" Version="1.7.25626.00 built by: PROJECTNGDR2" />
    <build:Item Name="OptimizingToolset" Value="ilc.exe" />
    <build:Item Name="UseDotNetNativeSharedAssemblyFrameworkPackage" Value="True" />
    <build:Item Name="UniversalGenericsOptOut" Value="false" />
    <build:Item Name="ShortcutGenericAnalysis" Value="false" />
    <build:Item Name="Microsoft.Windows.UI.Xaml.Build.Tasks.dll" Version="15.0.26906.1" />
    <build:Item Name="MakePri.exe" Version="10.0.15063.468 (WinBuild.160101.0800)" />
  </build:Metadata>
</Package>